<?xml version="1.0" encoding="UTF-8" ?>
<!-- This is a WordPress eXtended RSS file generated by WordPress as an export of your site. -->
<!-- It contains information about your site's posts, pages, comments, categories, and other content. -->
<!-- You may use this file to transfer that content from one site to another. -->
<!-- This file is not intended to serve as a complete backup of your site. -->

<!-- To import this information into a WordPress site follow these steps: -->
<!-- 1. Log in to that site as an administrator. -->
<!-- 2. Go to Tools: Import in the WordPress admin panel. -->
<!-- 3. Install the "WordPress" importer from the list. -->
<!-- 4. Activate & Run Importer. -->
<!-- 5. Upload this file using the form provided on that page. -->
<!-- 6. You will first be asked to map the authors in this export file to users -->
<!--    on the site. For each author, you may choose to map to an -->
<!--    existing user on the site or to create a new user. -->
<!-- 7. WordPress will then import each of the posts, pages, comments, categories, etc. -->
<!--    contained in this file into your site. -->

<!-- generator="WordPress/4.9.8" created="2018-09-25 09:18" -->
<rss version="2.0"
	xmlns:excerpt="http://wordpress.org/export/1.2/excerpt/"
	xmlns:content="http://purl.org/rss/1.0/modules/content/"
	xmlns:wfw="http://wellformedweb.org/CommentAPI/"
	xmlns:dc="http://purl.org/dc/elements/1.1/"
	xmlns:wp="http://wordpress.org/export/1.2/"
>

<channel>
	<title>Folie - Portfolio Product Designer Fullscreen</title>
	<link>https://codeless.co/folie/portfolio-product-fullscreen</link>
	<description>Just another WordPress site</description>
	<pubDate>Tue, 25 Sep 2018 09:18:17 +0000</pubDate>
	<language>en-US</language>
	<wp:wxr_version>1.2</wp:wxr_version>
	<wp:base_site_url>https://codeless.co/folie/portfolio-product-fullscreen</wp:base_site_url>
	<wp:base_blog_url>https://codeless.co/folie/portfolio-product-fullscreen</wp:base_blog_url>

	<wp:author><wp:author_id>1</wp:author_id><wp:author_login><![CDATA[admin]]></wp:author_login><wp:author_email><![CDATA[ludjon.roshi@gmail.com]]></wp:author_email><wp:author_display_name><![CDATA[admin]]></wp:author_display_name><wp:author_first_name><![CDATA[]]></wp:author_first_name><wp:author_last_name><![CDATA[]]></wp:author_last_name></wp:author>

	<wp:category>
		<wp:term_id>1</wp:term_id>
		<wp:category_nicename><![CDATA[uncategorized]]></wp:category_nicename>
		<wp:category_parent><![CDATA[]]></wp:category_parent>
		<wp:cat_name><![CDATA[Uncategorized]]></wp:cat_name>
	</wp:category>
	<wp:term><wp:term_id>2</wp:term_id><wp:term_taxonomy>nav_menu</wp:term_taxonomy><wp:term_slug><![CDATA[main]]></wp:term_slug><wp:term_name><![CDATA[Main]]></wp:term_name>
</wp:term>

	<generator>https://wordpress.org/?v=4.9.8</generator>

	<item>
		<title>Hello world!</title>
		<link>https://codeless.co/folie/portfolio-product-fullscreen/?p=1</link>
		<pubDate>Mon, 10 Sep 2018 09:29:37 +0000</pubDate>
		<dc:creator><![CDATA[admin]]></dc:creator>
		<guid isPermaLink="false">https://codeless.co/folie/portfolio-product-fullscreen/?p=1</guid>
		<description></description>
		<content:encoded><![CDATA[Welcome to WordPress. This is your first post. Edit or delete it, then start writing!]]></content:encoded>
		<excerpt:encoded><![CDATA[]]></excerpt:encoded>
		<wp:post_id>1</wp:post_id>
		<wp:post_date><![CDATA[2018-09-10 09:29:37]]></wp:post_date>
		<wp:post_date_gmt><![CDATA[2018-09-10 09:29:37]]></wp:post_date_gmt>
		<wp:comment_status><![CDATA[open]]></wp:comment_status>
		<wp:ping_status><![CDATA[open]]></wp:ping_status>
		<wp:post_name><![CDATA[hello-world]]></wp:post_name>
		<wp:status><![CDATA[publish]]></wp:status>
		<wp:post_parent>0</wp:post_parent>
		<wp:menu_order>0</wp:menu_order>
		<wp:post_type><![CDATA[post]]></wp:post_type>
		<wp:post_password><![CDATA[]]></wp:post_password>
		<wp:is_sticky>0</wp:is_sticky>
		<category domain="category" nicename="uncategorized"><![CDATA[Uncategorized]]></category>
		<wp:comment>
			<wp:comment_id>1</wp:comment_id>
			<wp:comment_author><![CDATA[A WordPress Commenter]]></wp:comment_author>
			<wp:comment_author_email><![CDATA[wapuu@wordpress.example]]></wp:comment_author_email>
			<wp:comment_author_url>https://wordpress.org/</wp:comment_author_url>
			<wp:comment_author_IP><![CDATA[]]></wp:comment_author_IP>
			<wp:comment_date><![CDATA[2018-09-10 09:29:37]]></wp:comment_date>
			<wp:comment_date_gmt><![CDATA[2018-09-10 09:29:37]]></wp:comment_date_gmt>
			<wp:comment_content><![CDATA[Hi, this is a comment.
To get started with moderating, editing, and deleting comments, please visit the Comments screen in the dashboard.
Commenter avatars come from <a href="https://gravatar.com">Gravatar</a>.]]></wp:comment_content>
			<wp:comment_approved><![CDATA[1]]></wp:comment_approved>
			<wp:comment_type><![CDATA[]]></wp:comment_type>
			<wp:comment_parent>0</wp:comment_parent>
			<wp:comment_user_id>0</wp:comment_user_id>
		</wp:comment>
	</item>
	<item>
		<title>Sample Page</title>
		<link>https://codeless.co/folie/portfolio-product-fullscreen/?page_id=2</link>
		<pubDate>Mon, 10 Sep 2018 09:29:37 +0000</pubDate>
		<dc:creator><![CDATA[admin]]></dc:creator>
		<guid isPermaLink="false">https://codeless.co/folie/portfolio-product-fullscreen/?page_id=2</guid>
		<description></description>
		<content:encoded><![CDATA[This is an example page. It's different from a blog post because it will stay in one place and will show up in your site navigation (in most themes). Most people start with an About page that introduces them to potential site visitors. It might say something like this:

<blockquote>Hi there! I'm a bike messenger by day, aspiring actor by night, and this is my website. I live in Los Angeles, have a great dog named Jack, and I like pi&#241;a coladas. (And gettin' caught in the rain.)</blockquote>

...or something like this:

<blockquote>The XYZ Doohickey Company was founded in 1971, and has been providing quality doohickeys to the public ever since. Located in Gotham City, XYZ employs over 2,000 people and does all kinds of awesome things for the Gotham community.</blockquote>

As a new WordPress user, you should go to <a href="https://codeless.co/folie/portfolio-product-fullscreen/wp-admin/">your dashboard</a> to delete this page and create new pages for your content. Have fun!]]></content:encoded>
		<excerpt:encoded><![CDATA[]]></excerpt:encoded>
		<wp:post_id>2</wp:post_id>
		<wp:post_date><![CDATA[2018-09-10 09:29:37]]></wp:post_date>
		<wp:post_date_gmt><![CDATA[2018-09-10 09:29:37]]></wp:post_date_gmt>
		<wp:comment_status><![CDATA[closed]]></wp:comment_status>
		<wp:ping_status><![CDATA[open]]></wp:ping_status>
		<wp:post_name><![CDATA[sample-page]]></wp:post_name>
		<wp:status><![CDATA[publish]]></wp:status>
		<wp:post_parent>0</wp:post_parent>
		<wp:menu_order>0</wp:menu_order>
		<wp:post_type><![CDATA[page]]></wp:post_type>
		<wp:post_password><![CDATA[]]></wp:post_password>
		<wp:is_sticky>0</wp:is_sticky>
		<wp:postmeta>
			<wp:meta_key><![CDATA[_wp_page_template]]></wp:meta_key>
			<wp:meta_value><![CDATA[default]]></wp:meta_value>
		</wp:postmeta>
	</item>
	<item>
		<title>Privacy Policy</title>
		<link>https://codeless.co/folie/portfolio-product-fullscreen/?page_id=3</link>
		<pubDate>Mon, 10 Sep 2018 09:29:37 +0000</pubDate>
		<dc:creator><![CDATA[admin]]></dc:creator>
		<guid isPermaLink="false">https://codeless.co/folie/portfolio-product-fullscreen/?page_id=3</guid>
		<description></description>
		<content:encoded><![CDATA[<h2>Who we are</h2><p>Our website address is: https://codeless.co/folie/portfolio-product-fullscreen.</p><h2>What personal data we collect and why we collect it</h2><h3>Comments</h3><p>When visitors leave comments on the site we collect the data shown in the comments form, and also the visitor&#8217;s IP address and browser user agent string to help spam detection.</p><p>An anonymized string created from your email address (also called a hash) may be provided to the Gravatar service to see if you are using it. The Gravatar service privacy policy is available here: https://automattic.com/privacy/. After approval of your comment, your profile picture is visible to the public in the context of your comment.</p><h3>Media</h3><p>If you upload images to the website, you should avoid uploading images with embedded location data (EXIF GPS) included. Visitors to the website can download and extract any location data from images on the website.</p><h3>Contact forms</h3><h3>Cookies</h3><p>If you leave a comment on our site you may opt-in to saving your name, email address and website in cookies. These are for your convenience so that you do not have to fill in your details again when you leave another comment. These cookies will last for one year.</p><p>If you have an account and you log in to this site, we will set a temporary cookie to determine if your browser accepts cookies. This cookie contains no personal data and is discarded when you close your browser.</p><p>When you log in, we will also set up several cookies to save your login information and your screen display choices. Login cookies last for two days, and screen options cookies last for a year. If you select &quot;Remember Me&quot;, your login will persist for two weeks. If you log out of your account, the login cookies will be removed.</p><p>If you edit or publish an article, an additional cookie will be saved in your browser. This cookie includes no personal data and simply indicates the post ID of the article you just edited. It expires after 1 day.</p><h3>Embedded content from other websites</h3><p>Articles on this site may include embedded content (e.g. videos, images, articles, etc.). Embedded content from other websites behaves in the exact same way as if the visitor has visited the other website.</p><p>These websites may collect data about you, use cookies, embed additional third-party tracking, and monitor your interaction with that embedded content, including tracking your interaction with the embedded content if you have an account and are logged in to that website.</p><h3>Analytics</h3><h2>Who we share your data with</h2><h2>How long we retain your data</h2><p>If you leave a comment, the comment and its metadata are retained indefinitely. This is so we can recognize and approve any follow-up comments automatically instead of holding them in a moderation queue.</p><p>For users that register on our website (if any), we also store the personal information they provide in their user profile. All users can see, edit, or delete their personal information at any time (except they cannot change their username). Website administrators can also see and edit that information.</p><h2>What rights you have over your data</h2><p>If you have an account on this site, or have left comments, you can request to receive an exported file of the personal data we hold about you, including any data you have provided to us. You can also request that we erase any personal data we hold about you. This does not include any data we are obliged to keep for administrative, legal, or security purposes.</p><h2>Where we send your data</h2><p>Visitor comments may be checked through an automated spam detection service.</p><h2>Your contact information</h2><h2>Additional information</h2><h3>How we protect your data</h3><h3>What data breach procedures we have in place</h3><h3>What third parties we receive data from</h3><h3>What automated decision making and/or profiling we do with user data</h3><h3>Industry regulatory disclosure requirements</h3>]]></content:encoded>
		<excerpt:encoded><![CDATA[]]></excerpt:encoded>
		<wp:post_id>3</wp:post_id>
		<wp:post_date><![CDATA[2018-09-10 09:29:37]]></wp:post_date>
		<wp:post_date_gmt><![CDATA[2018-09-10 09:29:37]]></wp:post_date_gmt>
		<wp:comment_status><![CDATA[closed]]></wp:comment_status>
		<wp:ping_status><![CDATA[open]]></wp:ping_status>
		<wp:post_name><![CDATA[privacy-policy]]></wp:post_name>
		<wp:status><![CDATA[draft]]></wp:status>
		<wp:post_parent>0</wp:post_parent>
		<wp:menu_order>0</wp:menu_order>
		<wp:post_type><![CDATA[page]]></wp:post_type>
		<wp:post_password><![CDATA[]]></wp:post_password>
		<wp:is_sticky>0</wp:is_sticky>
		<wp:postmeta>
			<wp:meta_key><![CDATA[_wp_page_template]]></wp:meta_key>
			<wp:meta_value><![CDATA[default]]></wp:meta_value>
		</wp:postmeta>
	</item>
	<item>
		<title>Home</title>
		<link>https://codeless.co/folie/portfolio-product-fullscreen/</link>
		<pubDate>Mon, 10 Sep 2018 09:46:24 +0000</pubDate>
		<dc:creator><![CDATA[admin]]></dc:creator>
		<guid isPermaLink="false">https://codeless.co/folie/portfolio-product-fullscreen/?page_id=7</guid>
		<description></description>
		<content:encoded><![CDATA[[cl_slider fullheight_slider="1" navigation="0" effect="interleave" direction="vertical" pagination_style="lines" mousewheel="1" speed="800" autoplay="10000"][cl_slide animation_slide="cinemagraphs_first" add_scroll_svg="1"][cl_row fullheight="1" background_image="{'id':'54','mime':'image%2Fjpeg','url':'https%3A%2F%2Fcodeless.co%2Ffolie%2Fportfolio-product-fullscreen%2Fwp-content%2Fuploads%2F2018%2F09%2Ftanja-heffner-196114-unsplash-min-1.jpg'}_-_json" text_color="light-text" background_position="right center" row_type="container-fluid" col_responsive="full"][cl_column width="1/3"][/cl_column][cl_column width="2/3" css_style="{'padding-left':'180px','margin-left':''}_-_json" css_style_991_col_bool="1" css_style_991="{'padding-left':'0','padding-right':'20px'}_-_json"][cl_custom_heading typography="custom_font" text_font_size="34" text_font_weight="200" text_line_height="54" text_transform="none" text_color="#ffffff" animation="bottom-t-top" animation_delay="300" animation_speed="800" custom_responsive_768_bool_ch="1"]

<p><i>I'm a professional product designer</i></p>
[/cl_custom_heading][cl_custom_heading typography="custom_font" text_font_size="34" text_font_weight="200" text_line_height="54" text_transform="none" text_color="#ffffff" css_style="{'margin-top':'0px'}_-_json" animation="bottom-t-top" animation_speed="800" animation_delay="600" custom_responsive_768_bool_ch="1"]

<p><i>I'm a passionate photographer</i><br></p>
[/cl_custom_heading][cl_custom_heading typography="custom_font" text_font_size="88" text_font_weight="400" text_line_height="98" text_transform="none" animation="bottom-t-top" animation_delay="1500" animation_speed="800" custom_responsive_768_bool_ch="1" custom_responsive_768_size="36px" custom_responsive_768_line_height="48px"]

<p><span style="letter-spacing: 0px; display: inline !important;">I’m </span><b style="letter-spacing: 0px;">Gary Dee</b><br></p>
[/cl_custom_heading][/cl_column][/cl_row][/cl_slide][cl_slide animation_slide="cinemagraphs_two"][cl_row row_type="container-fluid" fullheight="1" content_pos="bottom" text_color="light-text" background_image="{'id':'48','mime':'image%2Fjpeg','url':'https%3A%2F%2Fcodeless.co%2Ffolie%2Fportfolio-product-fullscreen%2Fwp-content%2Fuploads%2F2018%2F09%2Fnitin-pariyar-633637-unsplash-min.jpg'}_-_json" overlay="color" overlay_color="#000000" overlay_opacity="0.4"][cl_column css_style="{'padding-left':'40px'}_-_json"][cl_custom_heading typography="custom_font" text_font_size="38" text_font_weight="400" text_line_height="68" text_transform="none" animation="bottom-t-top" animation_delay="600" animation_speed="800"]

<p>Solar Ecosystem&nbsp;</p>
[/cl_custom_heading][/cl_column][/cl_row][/cl_slide][cl_slide animation_slide="cinemagraphs_first"][cl_row row_type="container-fluid" fullheight="1" content_pos="bottom" text_color="light-text" background_image="{'id':'47','mime':'image%2Fjpeg','url':'https%3A%2F%2Fcodeless.co%2Ffolie%2Fportfolio-product-fullscreen%2Fwp-content%2Fuploads%2F2018%2F09%2Fhayes-potter-983396-unsplash-min.jpg'}_-_json" overlay="color" overlay_color="#000000" overlay_opacity="0.4"][cl_column css_style="{'padding-left':'40px'}_-_json"][cl_custom_heading typography="custom_font" text_font_size="38" text_font_weight="400" text_line_height="68" text_transform="none" animation="bottom-t-top" animation_delay="600" animation_speed="800"]

<p>Moon Shadow Car</p>
[/cl_custom_heading][/cl_column][/cl_row][/cl_slide][cl_slide animation_slide="cinemagraphs_two"][cl_row row_type="container-fluid" fullheight="1" content_pos="bottom" text_color="light-text" background_image="{'id':'45','mime':'image%2Fjpeg','url':'https%3A%2F%2Fcodeless.co%2Ffolie%2Fportfolio-product-fullscreen%2Fwp-content%2Fuploads%2F2018%2F09%2Falex-pudov-581494-unsplash-min.jpg'}_-_json" overlay="color" overlay_color="#000000" overlay_opacity="0.4"][cl_column css_style="{'padding-left':'40px'}_-_json"][cl_custom_heading typography="custom_font" text_font_size="38" text_font_weight="400" text_line_height="68" text_transform="none" animation="bottom-t-top" animation_delay="600" animation_speed="800"]

<p>The future chair</p>
[/cl_custom_heading][/cl_column][/cl_row][/cl_slide][cl_slide animation_slide="cinemagraphs_two"][cl_row row_type="container-fluid" fullheight="1" content_pos="bottom" text_color="light-text" background_image="{'id':'50','mime':'image%2Fjpeg','url':'https%3A%2F%2Fcodeless.co%2Ffolie%2Fportfolio-product-fullscreen%2Fwp-content%2Fuploads%2F2018%2F09%2Fvictor-xok-800400-unsplash-min.jpg'}_-_json" overlay="color" overlay_color="#000000" overlay_opacity="0.4"][cl_column css_style="{'padding-left':'40px'}_-_json"][cl_custom_heading typography="custom_font" text_font_size="38" text_font_weight="400" text_line_height="68" text_transform="none" animation="bottom-t-top" animation_delay="600" animation_speed="800"]

<p>Bicycle life</p>
[/cl_custom_heading][/cl_column][/cl_row][/cl_slide][cl_slide][cl_row fullheight="1" text_color="light-text" background_color="#010101"][cl_column horizontal_align="middle" vertical_align="middle"][cl_custom_heading typography="custom_font" text_font_size="88" text_font_weight="100" text_line_height="98" text_transform="none" animation_delay="100" animation_speed="100" css_style="{'margin-bottom':'25px'}_-_json"]

<p><i>Thank You!</i></p>
[/cl_custom_heading][cl_socialicon facebook_link="E" email_link="#" color="#ffffff" bgcolor="rgba(201,34,40,0.55)" bgcolor_hover="" border="round" bcolor="rgba(201,34,40,0)" align="center" css_style="{'margin-top':'0px'}_-_json"][/cl_column][/cl_row][/cl_slide][/cl_slider]]]></content:encoded>
		<excerpt:encoded><![CDATA[]]></excerpt:encoded>
		<wp:post_id>7</wp:post_id>
		<wp:post_date><![CDATA[2018-09-10 09:46:24]]></wp:post_date>
		<wp:post_date_gmt><![CDATA[2018-09-10 09:46:24]]></wp:post_date_gmt>
		<wp:comment_status><![CDATA[closed]]></wp:comment_status>
		<wp:ping_status><![CDATA[closed]]></wp:ping_status>
		<wp:post_name><![CDATA[home]]></wp:post_name>
		<wp:status><![CDATA[publish]]></wp:status>
		<wp:post_parent>0</wp:post_parent>
		<wp:menu_order>0</wp:menu_order>
		<wp:post_type><![CDATA[page]]></wp:post_type>
		<wp:post_password><![CDATA[]]></wp:post_password>
		<wp:is_sticky>0</wp:is_sticky>
		<wp:postmeta>
			<wp:meta_key><![CDATA[_snapshot_auto_draft]]></wp:meta_key>
			<wp:meta_value><![CDATA[1]]></wp:meta_value>
		</wp:postmeta>
		<wp:postmeta>
			<wp:meta_key><![CDATA[_wp_page_template]]></wp:meta_key>
			<wp:meta_value><![CDATA[default]]></wp:meta_value>
		</wp:postmeta>
		<wp:postmeta>
			<wp:meta_key><![CDATA[_thumbnail_id]]></wp:meta_key>
			<wp:meta_value><![CDATA[]]></wp:meta_value>
		</wp:postmeta>
		<wp:postmeta>
			<wp:meta_key><![CDATA[page_options_title]]></wp:meta_key>
			<wp:meta_value><![CDATA[]]></wp:meta_value>
		</wp:postmeta>
		<wp:postmeta>
			<wp:meta_key><![CDATA[page_layout]]></wp:meta_key>
			<wp:meta_value><![CDATA[]]></wp:meta_value>
		</wp:postmeta>
		<wp:postmeta>
			<wp:meta_key><![CDATA[layout_modern]]></wp:meta_key>
			<wp:meta_value><![CDATA[]]></wp:meta_value>
		</wp:postmeta>
		<wp:postmeta>
			<wp:meta_key><![CDATA[page_fullwidth_content]]></wp:meta_key>
			<wp:meta_value><![CDATA[]]></wp:meta_value>
		</wp:postmeta>
		<wp:postmeta>
			<wp:meta_key><![CDATA[page_bg_color]]></wp:meta_key>
			<wp:meta_value><![CDATA[]]></wp:meta_value>
		</wp:postmeta>
		<wp:postmeta>
			<wp:meta_key><![CDATA[one_page]]></wp:meta_key>
			<wp:meta_value><![CDATA[]]></wp:meta_value>
		</wp:postmeta>
		<wp:postmeta>
			<wp:meta_key><![CDATA[page_show_footer]]></wp:meta_key>
			<wp:meta_value><![CDATA[]]></wp:meta_value>
		</wp:postmeta>
		<wp:postmeta>
			<wp:meta_key><![CDATA[header_color]]></wp:meta_key>
			<wp:meta_value><![CDATA[light]]></wp:meta_value>
		</wp:postmeta>
		<wp:postmeta>
			<wp:meta_key><![CDATA[transparent_header]]></wp:meta_key>
			<wp:meta_value><![CDATA[transparent]]></wp:meta_value>
		</wp:postmeta>
		<wp:postmeta>
			<wp:meta_key><![CDATA[divider_header_page]]></wp:meta_key>
			<wp:meta_value><![CDATA[]]></wp:meta_value>
		</wp:postmeta>
		<wp:postmeta>
			<wp:meta_key><![CDATA[other_page_options_divider]]></wp:meta_key>
			<wp:meta_value><![CDATA[]]></wp:meta_value>
		</wp:postmeta>
		<wp:postmeta>
			<wp:meta_key><![CDATA[other_page_options_title]]></wp:meta_key>
			<wp:meta_value><![CDATA[]]></wp:meta_value>
		</wp:postmeta>
	</item>
	<item>
		<title>logo</title>
		<link>https://codeless.co/folie/portfolio-product-fullscreen/?attachment_id=8</link>
		<pubDate>Mon, 10 Sep 2018 09:36:05 +0000</pubDate>
		<dc:creator><![CDATA[admin]]></dc:creator>
		<guid isPermaLink="false">https://codeless.co/folie/portfolio-product-fullscreen/wp-content/uploads/2018/09/logo.png</guid>
		<description></description>
		<content:encoded><![CDATA[]]></content:encoded>
		<excerpt:encoded><![CDATA[]]></excerpt:encoded>
		<wp:post_id>8</wp:post_id>
		<wp:post_date><![CDATA[2018-09-10 09:36:05]]></wp:post_date>
		<wp:post_date_gmt><![CDATA[2018-09-10 09:36:05]]></wp:post_date_gmt>
		<wp:comment_status><![CDATA[open]]></wp:comment_status>
		<wp:ping_status><![CDATA[closed]]></wp:ping_status>
		<wp:post_name><![CDATA[logo]]></wp:post_name>
		<wp:status><![CDATA[inherit]]></wp:status>
		<wp:post_parent>0</wp:post_parent>
		<wp:menu_order>0</wp:menu_order>
		<wp:post_type><![CDATA[attachment]]></wp:post_type>
		<wp:post_password><![CDATA[]]></wp:post_password>
		<wp:is_sticky>0</wp:is_sticky>
		<wp:attachment_url><![CDATA[https://codeless.co/folie/portfolio-product-fullscreen/wp-content/uploads/2018/09/logo.png]]></wp:attachment_url>
		<wp:postmeta>
			<wp:meta_key><![CDATA[_wp_attached_file]]></wp:meta_key>
			<wp:meta_value><![CDATA[2018/09/logo.png]]></wp:meta_value>
		</wp:postmeta>
		<wp:postmeta>
			<wp:meta_key><![CDATA[_wp_attachment_metadata]]></wp:meta_key>
			<wp:meta_value><![CDATA[a:5:{s:5:"width";i:40;s:6:"height";i:40;s:4:"file";s:16:"2018/09/logo.png";s:5:"sizes";a:0:{}s:10:"image_meta";a:12:{s:8:"aperture";s:1:"0";s:6:"credit";s:0:"";s:6:"camera";s:0:"";s:7:"caption";s:0:"";s:17:"created_timestamp";s:1:"0";s:9:"copyright";s:0:"";s:12:"focal_length";s:1:"0";s:3:"iso";s:1:"0";s:13:"shutter_speed";s:1:"0";s:5:"title";s:0:"";s:11:"orientation";s:1:"0";s:8:"keywords";a:0:{}}}]]></wp:meta_value>
		</wp:postmeta>
	</item>
	<item>
		<title>animated-mug-cup-mockup-psd-gif-1000x694</title>
		<link>https://codeless.co/folie/portfolio-product-fullscreen/?attachment_id=19</link>
		<pubDate>Mon, 10 Sep 2018 09:54:48 +0000</pubDate>
		<dc:creator><![CDATA[admin]]></dc:creator>
		<guid isPermaLink="false">https://codeless.co/folie/portfolio-product-fullscreen/wp-content/uploads/2018/09/animated-mug-cup-mockup-psd-gif-1000x694.jpg</guid>
		<description></description>
		<content:encoded><![CDATA[]]></content:encoded>
		<excerpt:encoded><![CDATA[]]></excerpt:encoded>
		<wp:post_id>19</wp:post_id>
		<wp:post_date><![CDATA[2018-09-10 09:54:48]]></wp:post_date>
		<wp:post_date_gmt><![CDATA[2018-09-10 09:54:48]]></wp:post_date_gmt>
		<wp:comment_status><![CDATA[open]]></wp:comment_status>
		<wp:ping_status><![CDATA[closed]]></wp:ping_status>
		<wp:post_name><![CDATA[animated-mug-cup-mockup-psd-gif-1000x694]]></wp:post_name>
		<wp:status><![CDATA[inherit]]></wp:status>
		<wp:post_parent>0</wp:post_parent>
		<wp:menu_order>0</wp:menu_order>
		<wp:post_type><![CDATA[attachment]]></wp:post_type>
		<wp:post_password><![CDATA[]]></wp:post_password>
		<wp:is_sticky>0</wp:is_sticky>
		<wp:attachment_url><![CDATA[https://codeless.co/folie/portfolio-product-fullscreen/wp-content/uploads/2018/09/animated-mug-cup-mockup-psd-gif-1000x694.jpg]]></wp:attachment_url>
		<wp:postmeta>
			<wp:meta_key><![CDATA[_wp_attached_file]]></wp:meta_key>
			<wp:meta_value><![CDATA[2018/09/animated-mug-cup-mockup-psd-gif-1000x694.jpg]]></wp:meta_value>
		</wp:postmeta>
		<wp:postmeta>
			<wp:meta_key><![CDATA[_wp_attachment_metadata]]></wp:meta_key>
			<wp:meta_value><![CDATA[a:5:{s:5:"width";i:1000;s:6:"height";i:694;s:4:"file";s:52:"2018/09/animated-mug-cup-mockup-psd-gif-1000x694.jpg";s:5:"sizes";a:3:{s:9:"thumbnail";a:4:{s:4:"file";s:52:"animated-mug-cup-mockup-psd-gif-1000x694-150x150.jpg";s:5:"width";i:150;s:6:"height";i:150;s:9:"mime-type";s:10:"image/jpeg";}s:6:"medium";a:4:{s:4:"file";s:52:"animated-mug-cup-mockup-psd-gif-1000x694-300x208.jpg";s:5:"width";i:300;s:6:"height";i:208;s:9:"mime-type";s:10:"image/jpeg";}s:12:"medium_large";a:4:{s:4:"file";s:52:"animated-mug-cup-mockup-psd-gif-1000x694-768x533.jpg";s:5:"width";i:768;s:6:"height";i:533;s:9:"mime-type";s:10:"image/jpeg";}}s:10:"image_meta";a:12:{s:8:"aperture";s:1:"0";s:6:"credit";s:0:"";s:6:"camera";s:0:"";s:7:"caption";s:0:"";s:17:"created_timestamp";s:1:"0";s:9:"copyright";s:0:"";s:12:"focal_length";s:1:"0";s:3:"iso";s:1:"0";s:13:"shutter_speed";s:1:"0";s:5:"title";s:0:"";s:11:"orientation";s:1:"0";s:8:"keywords";a:0:{}}}]]></wp:meta_value>
		</wp:postmeta>
	</item>
	<item>
		<title>free-anti-gravity-beverage-coffee-cup-mockup-psd-1000x705</title>
		<link>https://codeless.co/folie/portfolio-product-fullscreen/?attachment_id=20</link>
		<pubDate>Mon, 10 Sep 2018 09:54:54 +0000</pubDate>
		<dc:creator><![CDATA[admin]]></dc:creator>
		<guid isPermaLink="false">https://codeless.co/folie/portfolio-product-fullscreen/wp-content/uploads/2018/09/free-anti-gravity-beverage-coffee-cup-mockup-psd-1000x705.jpg</guid>
		<description></description>
		<content:encoded><![CDATA[]]></content:encoded>
		<excerpt:encoded><![CDATA[]]></excerpt:encoded>
		<wp:post_id>20</wp:post_id>
		<wp:post_date><![CDATA[2018-09-10 09:54:54]]></wp:post_date>
		<wp:post_date_gmt><![CDATA[2018-09-10 09:54:54]]></wp:post_date_gmt>
		<wp:comment_status><![CDATA[open]]></wp:comment_status>
		<wp:ping_status><![CDATA[closed]]></wp:ping_status>
		<wp:post_name><![CDATA[free-anti-gravity-beverage-coffee-cup-mockup-psd-1000x705]]></wp:post_name>
		<wp:status><![CDATA[inherit]]></wp:status>
		<wp:post_parent>0</wp:post_parent>
		<wp:menu_order>0</wp:menu_order>
		<wp:post_type><![CDATA[attachment]]></wp:post_type>
		<wp:post_password><![CDATA[]]></wp:post_password>
		<wp:is_sticky>0</wp:is_sticky>
		<wp:attachment_url><![CDATA[https://codeless.co/folie/portfolio-product-fullscreen/wp-content/uploads/2018/09/free-anti-gravity-beverage-coffee-cup-mockup-psd-1000x705.jpg]]></wp:attachment_url>
		<wp:postmeta>
			<wp:meta_key><![CDATA[_wp_attached_file]]></wp:meta_key>
			<wp:meta_value><![CDATA[2018/09/free-anti-gravity-beverage-coffee-cup-mockup-psd-1000x705.jpg]]></wp:meta_value>
		</wp:postmeta>
		<wp:postmeta>
			<wp:meta_key><![CDATA[_wp_attachment_metadata]]></wp:meta_key>
			<wp:meta_value><![CDATA[a:5:{s:5:"width";i:1000;s:6:"height";i:705;s:4:"file";s:69:"2018/09/free-anti-gravity-beverage-coffee-cup-mockup-psd-1000x705.jpg";s:5:"sizes";a:3:{s:9:"thumbnail";a:4:{s:4:"file";s:69:"free-anti-gravity-beverage-coffee-cup-mockup-psd-1000x705-150x150.jpg";s:5:"width";i:150;s:6:"height";i:150;s:9:"mime-type";s:10:"image/jpeg";}s:6:"medium";a:4:{s:4:"file";s:69:"free-anti-gravity-beverage-coffee-cup-mockup-psd-1000x705-300x212.jpg";s:5:"width";i:300;s:6:"height";i:212;s:9:"mime-type";s:10:"image/jpeg";}s:12:"medium_large";a:4:{s:4:"file";s:69:"free-anti-gravity-beverage-coffee-cup-mockup-psd-1000x705-768x541.jpg";s:5:"width";i:768;s:6:"height";i:541;s:9:"mime-type";s:10:"image/jpeg";}}s:10:"image_meta";a:12:{s:8:"aperture";s:1:"0";s:6:"credit";s:0:"";s:6:"camera";s:0:"";s:7:"caption";s:0:"";s:17:"created_timestamp";s:1:"0";s:9:"copyright";s:0:"";s:12:"focal_length";s:1:"0";s:3:"iso";s:1:"0";s:13:"shutter_speed";s:1:"0";s:5:"title";s:0:"";s:11:"orientation";s:1:"0";s:8:"keywords";a:0:{}}}]]></wp:meta_value>
		</wp:postmeta>
	</item>
	<item>
		<title>logo</title>
		<link>https://codeless.co/folie/portfolio-product-fullscreen/?attachment_id=37</link>
		<pubDate>Mon, 10 Sep 2018 10:07:50 +0000</pubDate>
		<dc:creator><![CDATA[admin]]></dc:creator>
		<guid isPermaLink="false">https://codeless.co/folie/portfolio-product-fullscreen/wp-content/uploads/2018/09/logo.jpg</guid>
		<description></description>
		<content:encoded><![CDATA[]]></content:encoded>
		<excerpt:encoded><![CDATA[]]></excerpt:encoded>
		<wp:post_id>37</wp:post_id>
		<wp:post_date><![CDATA[2018-09-10 10:07:50]]></wp:post_date>
		<wp:post_date_gmt><![CDATA[2018-09-10 10:07:50]]></wp:post_date_gmt>
		<wp:comment_status><![CDATA[open]]></wp:comment_status>
		<wp:ping_status><![CDATA[closed]]></wp:ping_status>
		<wp:post_name><![CDATA[logo-2]]></wp:post_name>
		<wp:status><![CDATA[inherit]]></wp:status>
		<wp:post_parent>0</wp:post_parent>
		<wp:menu_order>0</wp:menu_order>
		<wp:post_type><![CDATA[attachment]]></wp:post_type>
		<wp:post_password><![CDATA[]]></wp:post_password>
		<wp:is_sticky>0</wp:is_sticky>
		<wp:attachment_url><![CDATA[https://codeless.co/folie/portfolio-product-fullscreen/wp-content/uploads/2018/09/logo.jpg]]></wp:attachment_url>
		<wp:postmeta>
			<wp:meta_key><![CDATA[_wp_attached_file]]></wp:meta_key>
			<wp:meta_value><![CDATA[2018/09/logo.jpg]]></wp:meta_value>
		</wp:postmeta>
		<wp:postmeta>
			<wp:meta_key><![CDATA[_wp_attachment_metadata]]></wp:meta_key>
			<wp:meta_value><![CDATA[a:5:{s:5:"width";i:40;s:6:"height";i:40;s:4:"file";s:16:"2018/09/logo.jpg";s:5:"sizes";a:0:{}s:10:"image_meta";a:12:{s:8:"aperture";s:1:"0";s:6:"credit";s:0:"";s:6:"camera";s:0:"";s:7:"caption";s:0:"";s:17:"created_timestamp";s:1:"0";s:9:"copyright";s:0:"";s:12:"focal_length";s:1:"0";s:3:"iso";s:1:"0";s:13:"shutter_speed";s:1:"0";s:5:"title";s:0:"";s:11:"orientation";s:1:"0";s:8:"keywords";a:0:{}}}]]></wp:meta_value>
		</wp:postmeta>
	</item>
	<item>
		<title>alex-pudov-581494-unsplash-min</title>
		<link>https://codeless.co/folie/portfolio-product-fullscreen/?attachment_id=45</link>
		<pubDate>Mon, 10 Sep 2018 12:41:10 +0000</pubDate>
		<dc:creator><![CDATA[admin]]></dc:creator>
		<guid isPermaLink="false">https://codeless.co/folie/portfolio-product-fullscreen/wp-content/uploads/2018/09/alex-pudov-581494-unsplash-min.jpg</guid>
		<description></description>
		<content:encoded><![CDATA[]]></content:encoded>
		<excerpt:encoded><![CDATA[]]></excerpt:encoded>
		<wp:post_id>45</wp:post_id>
		<wp:post_date><![CDATA[2018-09-10 12:41:10]]></wp:post_date>
		<wp:post_date_gmt><![CDATA[2018-09-10 12:41:10]]></wp:post_date_gmt>
		<wp:comment_status><![CDATA[open]]></wp:comment_status>
		<wp:ping_status><![CDATA[closed]]></wp:ping_status>
		<wp:post_name><![CDATA[alex-pudov-581494-unsplash-min]]></wp:post_name>
		<wp:status><![CDATA[inherit]]></wp:status>
		<wp:post_parent>0</wp:post_parent>
		<wp:menu_order>0</wp:menu_order>
		<wp:post_type><![CDATA[attachment]]></wp:post_type>
		<wp:post_password><![CDATA[]]></wp:post_password>
		<wp:is_sticky>0</wp:is_sticky>
		<wp:attachment_url><![CDATA[https://codeless.co/folie/portfolio-product-fullscreen/wp-content/uploads/2018/09/alex-pudov-581494-unsplash-min.jpg]]></wp:attachment_url>
		<wp:postmeta>
			<wp:meta_key><![CDATA[_wp_attached_file]]></wp:meta_key>
			<wp:meta_value><![CDATA[2018/09/alex-pudov-581494-unsplash-min.jpg]]></wp:meta_value>
		</wp:postmeta>
		<wp:postmeta>
			<wp:meta_key><![CDATA[_wp_attachment_metadata]]></wp:meta_key>
			<wp:meta_value><![CDATA[a:5:{s:5:"width";i:1600;s:6:"height";i:1068;s:4:"file";s:42:"2018/09/alex-pudov-581494-unsplash-min.jpg";s:5:"sizes";a:4:{s:9:"thumbnail";a:4:{s:4:"file";s:42:"alex-pudov-581494-unsplash-min-150x150.jpg";s:5:"width";i:150;s:6:"height";i:150;s:9:"mime-type";s:10:"image/jpeg";}s:6:"medium";a:4:{s:4:"file";s:42:"alex-pudov-581494-unsplash-min-300x200.jpg";s:5:"width";i:300;s:6:"height";i:200;s:9:"mime-type";s:10:"image/jpeg";}s:12:"medium_large";a:4:{s:4:"file";s:42:"alex-pudov-581494-unsplash-min-768x513.jpg";s:5:"width";i:768;s:6:"height";i:513;s:9:"mime-type";s:10:"image/jpeg";}s:5:"large";a:4:{s:4:"file";s:43:"alex-pudov-581494-unsplash-min-1024x684.jpg";s:5:"width";i:1024;s:6:"height";i:684;s:9:"mime-type";s:10:"image/jpeg";}}s:10:"image_meta";a:12:{s:8:"aperture";s:1:"0";s:6:"credit";s:0:"";s:6:"camera";s:0:"";s:7:"caption";s:0:"";s:17:"created_timestamp";s:1:"0";s:9:"copyright";s:0:"";s:12:"focal_length";s:1:"0";s:3:"iso";s:1:"0";s:13:"shutter_speed";s:1:"0";s:5:"title";s:0:"";s:11:"orientation";s:1:"0";s:8:"keywords";a:0:{}}}]]></wp:meta_value>
		</wp:postmeta>
	</item>
	<item>
		<title>gustavo-scafeli-796712-unsplash-min</title>
		<link>https://codeless.co/folie/portfolio-product-fullscreen/?attachment_id=46</link>
		<pubDate>Mon, 10 Sep 2018 12:41:11 +0000</pubDate>
		<dc:creator><![CDATA[admin]]></dc:creator>
		<guid isPermaLink="false">https://codeless.co/folie/portfolio-product-fullscreen/wp-content/uploads/2018/09/gustavo-scafeli-796712-unsplash-min.jpg</guid>
		<description></description>
		<content:encoded><![CDATA[]]></content:encoded>
		<excerpt:encoded><![CDATA[]]></excerpt:encoded>
		<wp:post_id>46</wp:post_id>
		<wp:post_date><![CDATA[2018-09-10 12:41:11]]></wp:post_date>
		<wp:post_date_gmt><![CDATA[2018-09-10 12:41:11]]></wp:post_date_gmt>
		<wp:comment_status><![CDATA[open]]></wp:comment_status>
		<wp:ping_status><![CDATA[closed]]></wp:ping_status>
		<wp:post_name><![CDATA[gustavo-scafeli-796712-unsplash-min]]></wp:post_name>
		<wp:status><![CDATA[inherit]]></wp:status>
		<wp:post_parent>0</wp:post_parent>
		<wp:menu_order>0</wp:menu_order>
		<wp:post_type><![CDATA[attachment]]></wp:post_type>
		<wp:post_password><![CDATA[]]></wp:post_password>
		<wp:is_sticky>0</wp:is_sticky>
		<wp:attachment_url><![CDATA[https://codeless.co/folie/portfolio-product-fullscreen/wp-content/uploads/2018/09/gustavo-scafeli-796712-unsplash-min.jpg]]></wp:attachment_url>
		<wp:postmeta>
			<wp:meta_key><![CDATA[_wp_attached_file]]></wp:meta_key>
			<wp:meta_value><![CDATA[2018/09/gustavo-scafeli-796712-unsplash-min.jpg]]></wp:meta_value>
		</wp:postmeta>
		<wp:postmeta>
			<wp:meta_key><![CDATA[_wp_attachment_metadata]]></wp:meta_key>
			<wp:meta_value><![CDATA[a:5:{s:5:"width";i:1600;s:6:"height";i:1067;s:4:"file";s:47:"2018/09/gustavo-scafeli-796712-unsplash-min.jpg";s:5:"sizes";a:4:{s:9:"thumbnail";a:4:{s:4:"file";s:47:"gustavo-scafeli-796712-unsplash-min-150x150.jpg";s:5:"width";i:150;s:6:"height";i:150;s:9:"mime-type";s:10:"image/jpeg";}s:6:"medium";a:4:{s:4:"file";s:47:"gustavo-scafeli-796712-unsplash-min-300x200.jpg";s:5:"width";i:300;s:6:"height";i:200;s:9:"mime-type";s:10:"image/jpeg";}s:12:"medium_large";a:4:{s:4:"file";s:47:"gustavo-scafeli-796712-unsplash-min-768x512.jpg";s:5:"width";i:768;s:6:"height";i:512;s:9:"mime-type";s:10:"image/jpeg";}s:5:"large";a:4:{s:4:"file";s:48:"gustavo-scafeli-796712-unsplash-min-1024x683.jpg";s:5:"width";i:1024;s:6:"height";i:683;s:9:"mime-type";s:10:"image/jpeg";}}s:10:"image_meta";a:12:{s:8:"aperture";s:1:"0";s:6:"credit";s:0:"";s:6:"camera";s:0:"";s:7:"caption";s:0:"";s:17:"created_timestamp";s:1:"0";s:9:"copyright";s:0:"";s:12:"focal_length";s:1:"0";s:3:"iso";s:1:"0";s:13:"shutter_speed";s:1:"0";s:5:"title";s:0:"";s:11:"orientation";s:1:"0";s:8:"keywords";a:0:{}}}]]></wp:meta_value>
		</wp:postmeta>
	</item>
	<item>
		<title>hayes-potter-983396-unsplash-min</title>
		<link>https://codeless.co/folie/portfolio-product-fullscreen/?attachment_id=47</link>
		<pubDate>Mon, 10 Sep 2018 12:41:13 +0000</pubDate>
		<dc:creator><![CDATA[admin]]></dc:creator>
		<guid isPermaLink="false">https://codeless.co/folie/portfolio-product-fullscreen/wp-content/uploads/2018/09/hayes-potter-983396-unsplash-min.jpg</guid>
		<description></description>
		<content:encoded><![CDATA[]]></content:encoded>
		<excerpt:encoded><![CDATA[]]></excerpt:encoded>
		<wp:post_id>47</wp:post_id>
		<wp:post_date><![CDATA[2018-09-10 12:41:13]]></wp:post_date>
		<wp:post_date_gmt><![CDATA[2018-09-10 12:41:13]]></wp:post_date_gmt>
		<wp:comment_status><![CDATA[open]]></wp:comment_status>
		<wp:ping_status><![CDATA[closed]]></wp:ping_status>
		<wp:post_name><![CDATA[hayes-potter-983396-unsplash-min]]></wp:post_name>
		<wp:status><![CDATA[inherit]]></wp:status>
		<wp:post_parent>0</wp:post_parent>
		<wp:menu_order>0</wp:menu_order>
		<wp:post_type><![CDATA[attachment]]></wp:post_type>
		<wp:post_password><![CDATA[]]></wp:post_password>
		<wp:is_sticky>0</wp:is_sticky>
		<wp:attachment_url><![CDATA[https://codeless.co/folie/portfolio-product-fullscreen/wp-content/uploads/2018/09/hayes-potter-983396-unsplash-min.jpg]]></wp:attachment_url>
		<wp:postmeta>
			<wp:meta_key><![CDATA[_wp_attached_file]]></wp:meta_key>
			<wp:meta_value><![CDATA[2018/09/hayes-potter-983396-unsplash-min.jpg]]></wp:meta_value>
		</wp:postmeta>
		<wp:postmeta>
			<wp:meta_key><![CDATA[_wp_attachment_metadata]]></wp:meta_key>
			<wp:meta_value><![CDATA[a:5:{s:5:"width";i:1600;s:6:"height";i:1044;s:4:"file";s:44:"2018/09/hayes-potter-983396-unsplash-min.jpg";s:5:"sizes";a:4:{s:9:"thumbnail";a:4:{s:4:"file";s:44:"hayes-potter-983396-unsplash-min-150x150.jpg";s:5:"width";i:150;s:6:"height";i:150;s:9:"mime-type";s:10:"image/jpeg";}s:6:"medium";a:4:{s:4:"file";s:44:"hayes-potter-983396-unsplash-min-300x196.jpg";s:5:"width";i:300;s:6:"height";i:196;s:9:"mime-type";s:10:"image/jpeg";}s:12:"medium_large";a:4:{s:4:"file";s:44:"hayes-potter-983396-unsplash-min-768x501.jpg";s:5:"width";i:768;s:6:"height";i:501;s:9:"mime-type";s:10:"image/jpeg";}s:5:"large";a:4:{s:4:"file";s:45:"hayes-potter-983396-unsplash-min-1024x668.jpg";s:5:"width";i:1024;s:6:"height";i:668;s:9:"mime-type";s:10:"image/jpeg";}}s:10:"image_meta";a:12:{s:8:"aperture";s:1:"0";s:6:"credit";s:0:"";s:6:"camera";s:0:"";s:7:"caption";s:0:"";s:17:"created_timestamp";s:1:"0";s:9:"copyright";s:0:"";s:12:"focal_length";s:1:"0";s:3:"iso";s:1:"0";s:13:"shutter_speed";s:1:"0";s:5:"title";s:0:"";s:11:"orientation";s:1:"0";s:8:"keywords";a:0:{}}}]]></wp:meta_value>
		</wp:postmeta>
	</item>
	<item>
		<title>nitin-pariyar-633637-unsplash-min</title>
		<link>https://codeless.co/folie/portfolio-product-fullscreen/?attachment_id=48</link>
		<pubDate>Mon, 10 Sep 2018 12:41:14 +0000</pubDate>
		<dc:creator><![CDATA[admin]]></dc:creator>
		<guid isPermaLink="false">https://codeless.co/folie/portfolio-product-fullscreen/wp-content/uploads/2018/09/nitin-pariyar-633637-unsplash-min.jpg</guid>
		<description></description>
		<content:encoded><![CDATA[]]></content:encoded>
		<excerpt:encoded><![CDATA[]]></excerpt:encoded>
		<wp:post_id>48</wp:post_id>
		<wp:post_date><![CDATA[2018-09-10 12:41:14]]></wp:post_date>
		<wp:post_date_gmt><![CDATA[2018-09-10 12:41:14]]></wp:post_date_gmt>
		<wp:comment_status><![CDATA[open]]></wp:comment_status>
		<wp:ping_status><![CDATA[closed]]></wp:ping_status>
		<wp:post_name><![CDATA[nitin-pariyar-633637-unsplash-min]]></wp:post_name>
		<wp:status><![CDATA[inherit]]></wp:status>
		<wp:post_parent>0</wp:post_parent>
		<wp:menu_order>0</wp:menu_order>
		<wp:post_type><![CDATA[attachment]]></wp:post_type>
		<wp:post_password><![CDATA[]]></wp:post_password>
		<wp:is_sticky>0</wp:is_sticky>
		<wp:attachment_url><![CDATA[https://codeless.co/folie/portfolio-product-fullscreen/wp-content/uploads/2018/09/nitin-pariyar-633637-unsplash-min.jpg]]></wp:attachment_url>
		<wp:postmeta>
			<wp:meta_key><![CDATA[_wp_attached_file]]></wp:meta_key>
			<wp:meta_value><![CDATA[2018/09/nitin-pariyar-633637-unsplash-min.jpg]]></wp:meta_value>
		</wp:postmeta>
		<wp:postmeta>
			<wp:meta_key><![CDATA[_wp_attachment_metadata]]></wp:meta_key>
			<wp:meta_value><![CDATA[a:5:{s:5:"width";i:1600;s:6:"height";i:1067;s:4:"file";s:45:"2018/09/nitin-pariyar-633637-unsplash-min.jpg";s:5:"sizes";a:4:{s:9:"thumbnail";a:4:{s:4:"file";s:45:"nitin-pariyar-633637-unsplash-min-150x150.jpg";s:5:"width";i:150;s:6:"height";i:150;s:9:"mime-type";s:10:"image/jpeg";}s:6:"medium";a:4:{s:4:"file";s:45:"nitin-pariyar-633637-unsplash-min-300x200.jpg";s:5:"width";i:300;s:6:"height";i:200;s:9:"mime-type";s:10:"image/jpeg";}s:12:"medium_large";a:4:{s:4:"file";s:45:"nitin-pariyar-633637-unsplash-min-768x512.jpg";s:5:"width";i:768;s:6:"height";i:512;s:9:"mime-type";s:10:"image/jpeg";}s:5:"large";a:4:{s:4:"file";s:46:"nitin-pariyar-633637-unsplash-min-1024x683.jpg";s:5:"width";i:1024;s:6:"height";i:683;s:9:"mime-type";s:10:"image/jpeg";}}s:10:"image_meta";a:12:{s:8:"aperture";s:1:"0";s:6:"credit";s:0:"";s:6:"camera";s:0:"";s:7:"caption";s:0:"";s:17:"created_timestamp";s:1:"0";s:9:"copyright";s:0:"";s:12:"focal_length";s:1:"0";s:3:"iso";s:1:"0";s:13:"shutter_speed";s:1:"0";s:5:"title";s:0:"";s:11:"orientation";s:1:"0";s:8:"keywords";a:0:{}}}]]></wp:meta_value>
		</wp:postmeta>
	</item>
	<item>
		<title>steven-cordes-975038-unsplash-min</title>
		<link>https://codeless.co/folie/portfolio-product-fullscreen/?attachment_id=49</link>
		<pubDate>Mon, 10 Sep 2018 12:41:15 +0000</pubDate>
		<dc:creator><![CDATA[admin]]></dc:creator>
		<guid isPermaLink="false">https://codeless.co/folie/portfolio-product-fullscreen/wp-content/uploads/2018/09/steven-cordes-975038-unsplash-min.jpg</guid>
		<description></description>
		<content:encoded><![CDATA[]]></content:encoded>
		<excerpt:encoded><![CDATA[]]></excerpt:encoded>
		<wp:post_id>49</wp:post_id>
		<wp:post_date><![CDATA[2018-09-10 12:41:15]]></wp:post_date>
		<wp:post_date_gmt><![CDATA[2018-09-10 12:41:15]]></wp:post_date_gmt>
		<wp:comment_status><![CDATA[open]]></wp:comment_status>
		<wp:ping_status><![CDATA[closed]]></wp:ping_status>
		<wp:post_name><![CDATA[steven-cordes-975038-unsplash-min]]></wp:post_name>
		<wp:status><![CDATA[inherit]]></wp:status>
		<wp:post_parent>0</wp:post_parent>
		<wp:menu_order>0</wp:menu_order>
		<wp:post_type><![CDATA[attachment]]></wp:post_type>
		<wp:post_password><![CDATA[]]></wp:post_password>
		<wp:is_sticky>0</wp:is_sticky>
		<wp:attachment_url><![CDATA[https://codeless.co/folie/portfolio-product-fullscreen/wp-content/uploads/2018/09/steven-cordes-975038-unsplash-min.jpg]]></wp:attachment_url>
		<wp:postmeta>
			<wp:meta_key><![CDATA[_wp_attached_file]]></wp:meta_key>
			<wp:meta_value><![CDATA[2018/09/steven-cordes-975038-unsplash-min.jpg]]></wp:meta_value>
		</wp:postmeta>
		<wp:postmeta>
			<wp:meta_key><![CDATA[_wp_attachment_metadata]]></wp:meta_key>
			<wp:meta_value><![CDATA[a:5:{s:5:"width";i:1600;s:6:"height";i:1063;s:4:"file";s:45:"2018/09/steven-cordes-975038-unsplash-min.jpg";s:5:"sizes";a:4:{s:9:"thumbnail";a:4:{s:4:"file";s:45:"steven-cordes-975038-unsplash-min-150x150.jpg";s:5:"width";i:150;s:6:"height";i:150;s:9:"mime-type";s:10:"image/jpeg";}s:6:"medium";a:4:{s:4:"file";s:45:"steven-cordes-975038-unsplash-min-300x199.jpg";s:5:"width";i:300;s:6:"height";i:199;s:9:"mime-type";s:10:"image/jpeg";}s:12:"medium_large";a:4:{s:4:"file";s:45:"steven-cordes-975038-unsplash-min-768x510.jpg";s:5:"width";i:768;s:6:"height";i:510;s:9:"mime-type";s:10:"image/jpeg";}s:5:"large";a:4:{s:4:"file";s:46:"steven-cordes-975038-unsplash-min-1024x680.jpg";s:5:"width";i:1024;s:6:"height";i:680;s:9:"mime-type";s:10:"image/jpeg";}}s:10:"image_meta";a:12:{s:8:"aperture";s:1:"0";s:6:"credit";s:0:"";s:6:"camera";s:0:"";s:7:"caption";s:0:"";s:17:"created_timestamp";s:1:"0";s:9:"copyright";s:0:"";s:12:"focal_length";s:1:"0";s:3:"iso";s:1:"0";s:13:"shutter_speed";s:1:"0";s:5:"title";s:0:"";s:11:"orientation";s:1:"0";s:8:"keywords";a:0:{}}}]]></wp:meta_value>
		</wp:postmeta>
	</item>
	<item>
		<title>victor-xok-800400-unsplash-min</title>
		<link>https://codeless.co/folie/portfolio-product-fullscreen/?attachment_id=50</link>
		<pubDate>Mon, 10 Sep 2018 12:41:16 +0000</pubDate>
		<dc:creator><![CDATA[admin]]></dc:creator>
		<guid isPermaLink="false">https://codeless.co/folie/portfolio-product-fullscreen/wp-content/uploads/2018/09/victor-xok-800400-unsplash-min.jpg</guid>
		<description></description>
		<content:encoded><![CDATA[]]></content:encoded>
		<excerpt:encoded><![CDATA[]]></excerpt:encoded>
		<wp:post_id>50</wp:post_id>
		<wp:post_date><![CDATA[2018-09-10 12:41:16]]></wp:post_date>
		<wp:post_date_gmt><![CDATA[2018-09-10 12:41:16]]></wp:post_date_gmt>
		<wp:comment_status><![CDATA[open]]></wp:comment_status>
		<wp:ping_status><![CDATA[closed]]></wp:ping_status>
		<wp:post_name><![CDATA[victor-xok-800400-unsplash-min]]></wp:post_name>
		<wp:status><![CDATA[inherit]]></wp:status>
		<wp:post_parent>0</wp:post_parent>
		<wp:menu_order>0</wp:menu_order>
		<wp:post_type><![CDATA[attachment]]></wp:post_type>
		<wp:post_password><![CDATA[]]></wp:post_password>
		<wp:is_sticky>0</wp:is_sticky>
		<wp:attachment_url><![CDATA[https://codeless.co/folie/portfolio-product-fullscreen/wp-content/uploads/2018/09/victor-xok-800400-unsplash-min.jpg]]></wp:attachment_url>
		<wp:postmeta>
			<wp:meta_key><![CDATA[_wp_attached_file]]></wp:meta_key>
			<wp:meta_value><![CDATA[2018/09/victor-xok-800400-unsplash-min.jpg]]></wp:meta_value>
		</wp:postmeta>
		<wp:postmeta>
			<wp:meta_key><![CDATA[_wp_attachment_metadata]]></wp:meta_key>
			<wp:meta_value><![CDATA[a:5:{s:5:"width";i:1600;s:6:"height";i:1067;s:4:"file";s:42:"2018/09/victor-xok-800400-unsplash-min.jpg";s:5:"sizes";a:4:{s:9:"thumbnail";a:4:{s:4:"file";s:42:"victor-xok-800400-unsplash-min-150x150.jpg";s:5:"width";i:150;s:6:"height";i:150;s:9:"mime-type";s:10:"image/jpeg";}s:6:"medium";a:4:{s:4:"file";s:42:"victor-xok-800400-unsplash-min-300x200.jpg";s:5:"width";i:300;s:6:"height";i:200;s:9:"mime-type";s:10:"image/jpeg";}s:12:"medium_large";a:4:{s:4:"file";s:42:"victor-xok-800400-unsplash-min-768x512.jpg";s:5:"width";i:768;s:6:"height";i:512;s:9:"mime-type";s:10:"image/jpeg";}s:5:"large";a:4:{s:4:"file";s:43:"victor-xok-800400-unsplash-min-1024x683.jpg";s:5:"width";i:1024;s:6:"height";i:683;s:9:"mime-type";s:10:"image/jpeg";}}s:10:"image_meta";a:12:{s:8:"aperture";s:1:"0";s:6:"credit";s:0:"";s:6:"camera";s:0:"";s:7:"caption";s:0:"";s:17:"created_timestamp";s:1:"0";s:9:"copyright";s:0:"";s:12:"focal_length";s:1:"0";s:3:"iso";s:1:"0";s:13:"shutter_speed";s:1:"0";s:5:"title";s:0:"";s:11:"orientation";s:1:"0";s:8:"keywords";a:0:{}}}]]></wp:meta_value>
		</wp:postmeta>
	</item>
	<item>
		<title>tanja-heffner-196114-unsplash-min (1)</title>
		<link>https://codeless.co/folie/portfolio-product-fullscreen/?attachment_id=54</link>
		<pubDate>Mon, 10 Sep 2018 12:56:40 +0000</pubDate>
		<dc:creator><![CDATA[admin]]></dc:creator>
		<guid isPermaLink="false">https://codeless.co/folie/portfolio-product-fullscreen/wp-content/uploads/2018/09/tanja-heffner-196114-unsplash-min-1.jpg</guid>
		<description></description>
		<content:encoded><![CDATA[]]></content:encoded>
		<excerpt:encoded><![CDATA[]]></excerpt:encoded>
		<wp:post_id>54</wp:post_id>
		<wp:post_date><![CDATA[2018-09-10 12:56:40]]></wp:post_date>
		<wp:post_date_gmt><![CDATA[2018-09-10 12:56:40]]></wp:post_date_gmt>
		<wp:comment_status><![CDATA[open]]></wp:comment_status>
		<wp:ping_status><![CDATA[closed]]></wp:ping_status>
		<wp:post_name><![CDATA[tanja-heffner-196114-unsplash-min-1]]></wp:post_name>
		<wp:status><![CDATA[inherit]]></wp:status>
		<wp:post_parent>0</wp:post_parent>
		<wp:menu_order>0</wp:menu_order>
		<wp:post_type><![CDATA[attachment]]></wp:post_type>
		<wp:post_password><![CDATA[]]></wp:post_password>
		<wp:is_sticky>0</wp:is_sticky>
		<wp:attachment_url><![CDATA[https://codeless.co/folie/portfolio-product-fullscreen/wp-content/uploads/2018/09/tanja-heffner-196114-unsplash-min-1.jpg]]></wp:attachment_url>
		<wp:postmeta>
			<wp:meta_key><![CDATA[_wp_attached_file]]></wp:meta_key>
			<wp:meta_value><![CDATA[2018/09/tanja-heffner-196114-unsplash-min-1.jpg]]></wp:meta_value>
		</wp:postmeta>
		<wp:postmeta>
			<wp:meta_key><![CDATA[_wp_attachment_metadata]]></wp:meta_key>
			<wp:meta_value><![CDATA[a:5:{s:5:"width";i:1600;s:6:"height";i:1024;s:4:"file";s:47:"2018/09/tanja-heffner-196114-unsplash-min-1.jpg";s:5:"sizes";a:4:{s:9:"thumbnail";a:4:{s:4:"file";s:47:"tanja-heffner-196114-unsplash-min-1-150x150.jpg";s:5:"width";i:150;s:6:"height";i:150;s:9:"mime-type";s:10:"image/jpeg";}s:6:"medium";a:4:{s:4:"file";s:47:"tanja-heffner-196114-unsplash-min-1-300x192.jpg";s:5:"width";i:300;s:6:"height";i:192;s:9:"mime-type";s:10:"image/jpeg";}s:12:"medium_large";a:4:{s:4:"file";s:47:"tanja-heffner-196114-unsplash-min-1-768x492.jpg";s:5:"width";i:768;s:6:"height";i:492;s:9:"mime-type";s:10:"image/jpeg";}s:5:"large";a:4:{s:4:"file";s:48:"tanja-heffner-196114-unsplash-min-1-1024x655.jpg";s:5:"width";i:1024;s:6:"height";i:655;s:9:"mime-type";s:10:"image/jpeg";}}s:10:"image_meta";a:12:{s:8:"aperture";s:1:"0";s:6:"credit";s:0:"";s:6:"camera";s:0:"";s:7:"caption";s:0:"";s:17:"created_timestamp";s:1:"0";s:9:"copyright";s:0:"";s:12:"focal_length";s:1:"0";s:3:"iso";s:1:"0";s:13:"shutter_speed";s:1:"0";s:5:"title";s:0:"";s:11:"orientation";s:1:"0";s:8:"keywords";a:0:{}}}]]></wp:meta_value>
		</wp:postmeta>
	</item>
	<item>
		<title>Home</title>
		<link>https://codeless.co/folie/portfolio-product-fullscreen/?p=112</link>
		<pubDate>Tue, 11 Sep 2018 12:46:50 +0000</pubDate>
		<dc:creator><![CDATA[admin]]></dc:creator>
		<guid isPermaLink="false">https://codeless.co/folie/portfolio-product-fullscreen/</guid>
		<description></description>
		<content:encoded><![CDATA[]]></content:encoded>
		<excerpt:encoded><![CDATA[]]></excerpt:encoded>
		<wp:post_id>112</wp:post_id>
		<wp:post_date><![CDATA[2018-09-11 12:46:50]]></wp:post_date>
		<wp:post_date_gmt><![CDATA[2018-09-11 12:46:50]]></wp:post_date_gmt>
		<wp:comment_status><![CDATA[closed]]></wp:comment_status>
		<wp:ping_status><![CDATA[closed]]></wp:ping_status>
		<wp:post_name><![CDATA[home]]></wp:post_name>
		<wp:status><![CDATA[publish]]></wp:status>
		<wp:post_parent>0</wp:post_parent>
		<wp:menu_order>1</wp:menu_order>
		<wp:post_type><![CDATA[nav_menu_item]]></wp:post_type>
		<wp:post_password><![CDATA[]]></wp:post_password>
		<wp:is_sticky>0</wp:is_sticky>
		<category domain="nav_menu" nicename="main"><![CDATA[Main]]></category>
		<wp:postmeta>
			<wp:meta_key><![CDATA[_menu_item_type]]></wp:meta_key>
			<wp:meta_value><![CDATA[custom]]></wp:meta_value>
		</wp:postmeta>
		<wp:postmeta>
			<wp:meta_key><![CDATA[_menu_item_menu_item_parent]]></wp:meta_key>
			<wp:meta_value><![CDATA[0]]></wp:meta_value>
		</wp:postmeta>
		<wp:postmeta>
			<wp:meta_key><![CDATA[_menu_item_object_id]]></wp:meta_key>
			<wp:meta_value><![CDATA[112]]></wp:meta_value>
		</wp:postmeta>
		<wp:postmeta>
			<wp:meta_key><![CDATA[_menu_item_object]]></wp:meta_key>
			<wp:meta_value><![CDATA[custom]]></wp:meta_value>
		</wp:postmeta>
		<wp:postmeta>
			<wp:meta_key><![CDATA[_menu_item_target]]></wp:meta_key>
			<wp:meta_value><![CDATA[]]></wp:meta_value>
		</wp:postmeta>
		<wp:postmeta>
			<wp:meta_key><![CDATA[_menu_item_classes]]></wp:meta_key>
			<wp:meta_value><![CDATA[a:1:{i:0;s:0:"";}]]></wp:meta_value>
		</wp:postmeta>
		<wp:postmeta>
			<wp:meta_key><![CDATA[_menu_item_xfn]]></wp:meta_key>
			<wp:meta_value><![CDATA[]]></wp:meta_value>
		</wp:postmeta>
		<wp:postmeta>
			<wp:meta_key><![CDATA[_menu_item_url]]></wp:meta_key>
			<wp:meta_value><![CDATA[http://#]]></wp:meta_value>
		</wp:postmeta>
		<wp:postmeta>
			<wp:meta_key><![CDATA[_menu-item-custom_codeless-megamenu]]></wp:meta_key>
			<wp:meta_value><![CDATA[]]></wp:meta_value>
		</wp:postmeta>
		<wp:postmeta>
			<wp:meta_key><![CDATA[_menu-item-custom_codeless-widgetized]]></wp:meta_key>
			<wp:meta_value><![CDATA[]]></wp:meta_value>
		</wp:postmeta>
		<wp:postmeta>
			<wp:meta_key><![CDATA[_menu-item-custom_codeless-megamenu_bg]]></wp:meta_key>
			<wp:meta_value><![CDATA[]]></wp:meta_value>
		</wp:postmeta>
		<wp:postmeta>
			<wp:meta_key><![CDATA[_menu-item-custom_codeless-layout]]></wp:meta_key>
			<wp:meta_value><![CDATA[]]></wp:meta_value>
		</wp:postmeta>
		<wp:postmeta>
			<wp:meta_key><![CDATA[_menu-item-custom_codeless-bg_type]]></wp:meta_key>
			<wp:meta_value><![CDATA[]]></wp:meta_value>
		</wp:postmeta>
		<wp:postmeta>
			<wp:meta_key><![CDATA[_menu-item-custom_codeless-column_hide]]></wp:meta_key>
			<wp:meta_value><![CDATA[]]></wp:meta_value>
		</wp:postmeta>
	</item>
	<item>
		<title>About Me</title>
		<link>https://codeless.co/folie/portfolio-product-fullscreen/?p=113</link>
		<pubDate>Tue, 11 Sep 2018 12:46:50 +0000</pubDate>
		<dc:creator><![CDATA[admin]]></dc:creator>
		<guid isPermaLink="false">https://codeless.co/folie/portfolio-product-fullscreen/</guid>
		<description></description>
		<content:encoded><![CDATA[]]></content:encoded>
		<excerpt:encoded><![CDATA[]]></excerpt:encoded>
		<wp:post_id>113</wp:post_id>
		<wp:post_date><![CDATA[2018-09-11 12:46:50]]></wp:post_date>
		<wp:post_date_gmt><![CDATA[2018-09-11 12:46:50]]></wp:post_date_gmt>
		<wp:comment_status><![CDATA[closed]]></wp:comment_status>
		<wp:ping_status><![CDATA[closed]]></wp:ping_status>
		<wp:post_name><![CDATA[about-me]]></wp:post_name>
		<wp:status><![CDATA[publish]]></wp:status>
		<wp:post_parent>0</wp:post_parent>
		<wp:menu_order>2</wp:menu_order>
		<wp:post_type><![CDATA[nav_menu_item]]></wp:post_type>
		<wp:post_password><![CDATA[]]></wp:post_password>
		<wp:is_sticky>0</wp:is_sticky>
		<category domain="nav_menu" nicename="main"><![CDATA[Main]]></category>
		<wp:postmeta>
			<wp:meta_key><![CDATA[_menu_item_type]]></wp:meta_key>
			<wp:meta_value><![CDATA[custom]]></wp:meta_value>
		</wp:postmeta>
		<wp:postmeta>
			<wp:meta_key><![CDATA[_menu_item_menu_item_parent]]></wp:meta_key>
			<wp:meta_value><![CDATA[0]]></wp:meta_value>
		</wp:postmeta>
		<wp:postmeta>
			<wp:meta_key><![CDATA[_menu_item_object_id]]></wp:meta_key>
			<wp:meta_value><![CDATA[113]]></wp:meta_value>
		</wp:postmeta>
		<wp:postmeta>
			<wp:meta_key><![CDATA[_menu_item_object]]></wp:meta_key>
			<wp:meta_value><![CDATA[custom]]></wp:meta_value>
		</wp:postmeta>
		<wp:postmeta>
			<wp:meta_key><![CDATA[_menu_item_target]]></wp:meta_key>
			<wp:meta_value><![CDATA[]]></wp:meta_value>
		</wp:postmeta>
		<wp:postmeta>
			<wp:meta_key><![CDATA[_menu_item_classes]]></wp:meta_key>
			<wp:meta_value><![CDATA[a:1:{i:0;s:0:"";}]]></wp:meta_value>
		</wp:postmeta>
		<wp:postmeta>
			<wp:meta_key><![CDATA[_menu_item_xfn]]></wp:meta_key>
			<wp:meta_value><![CDATA[]]></wp:meta_value>
		</wp:postmeta>
		<wp:postmeta>
			<wp:meta_key><![CDATA[_menu_item_url]]></wp:meta_key>
			<wp:meta_value><![CDATA[#]]></wp:meta_value>
		</wp:postmeta>
		<wp:postmeta>
			<wp:meta_key><![CDATA[_menu-item-custom_codeless-megamenu]]></wp:meta_key>
			<wp:meta_value><![CDATA[]]></wp:meta_value>
		</wp:postmeta>
		<wp:postmeta>
			<wp:meta_key><![CDATA[_menu-item-custom_codeless-widgetized]]></wp:meta_key>
			<wp:meta_value><![CDATA[]]></wp:meta_value>
		</wp:postmeta>
		<wp:postmeta>
			<wp:meta_key><![CDATA[_menu-item-custom_codeless-megamenu_bg]]></wp:meta_key>
			<wp:meta_value><![CDATA[]]></wp:meta_value>
		</wp:postmeta>
		<wp:postmeta>
			<wp:meta_key><![CDATA[_menu-item-custom_codeless-layout]]></wp:meta_key>
			<wp:meta_value><![CDATA[]]></wp:meta_value>
		</wp:postmeta>
		<wp:postmeta>
			<wp:meta_key><![CDATA[_menu-item-custom_codeless-bg_type]]></wp:meta_key>
			<wp:meta_value><![CDATA[]]></wp:meta_value>
		</wp:postmeta>
		<wp:postmeta>
			<wp:meta_key><![CDATA[_menu-item-custom_codeless-column_hide]]></wp:meta_key>
			<wp:meta_value><![CDATA[]]></wp:meta_value>
		</wp:postmeta>
	</item>
	<item>
		<title>My Portfolio</title>
		<link>https://codeless.co/folie/portfolio-product-fullscreen/?p=114</link>
		<pubDate>Tue, 11 Sep 2018 12:46:50 +0000</pubDate>
		<dc:creator><![CDATA[admin]]></dc:creator>
		<guid isPermaLink="false">https://codeless.co/folie/portfolio-product-fullscreen/</guid>
		<description></description>
		<content:encoded><![CDATA[]]></content:encoded>
		<excerpt:encoded><![CDATA[]]></excerpt:encoded>
		<wp:post_id>114</wp:post_id>
		<wp:post_date><![CDATA[2018-09-11 12:46:50]]></wp:post_date>
		<wp:post_date_gmt><![CDATA[2018-09-11 12:46:50]]></wp:post_date_gmt>
		<wp:comment_status><![CDATA[closed]]></wp:comment_status>
		<wp:ping_status><![CDATA[closed]]></wp:ping_status>
		<wp:post_name><![CDATA[my-portfolio]]></wp:post_name>
		<wp:status><![CDATA[publish]]></wp:status>
		<wp:post_parent>0</wp:post_parent>
		<wp:menu_order>3</wp:menu_order>
		<wp:post_type><![CDATA[nav_menu_item]]></wp:post_type>
		<wp:post_password><![CDATA[]]></wp:post_password>
		<wp:is_sticky>0</wp:is_sticky>
		<category domain="nav_menu" nicename="main"><![CDATA[Main]]></category>
		<wp:postmeta>
			<wp:meta_key><![CDATA[_menu_item_type]]></wp:meta_key>
			<wp:meta_value><![CDATA[custom]]></wp:meta_value>
		</wp:postmeta>
		<wp:postmeta>
			<wp:meta_key><![CDATA[_menu_item_menu_item_parent]]></wp:meta_key>
			<wp:meta_value><![CDATA[0]]></wp:meta_value>
		</wp:postmeta>
		<wp:postmeta>
			<wp:meta_key><![CDATA[_menu_item_object_id]]></wp:meta_key>
			<wp:meta_value><![CDATA[114]]></wp:meta_value>
		</wp:postmeta>
		<wp:postmeta>
			<wp:meta_key><![CDATA[_menu_item_object]]></wp:meta_key>
			<wp:meta_value><![CDATA[custom]]></wp:meta_value>
		</wp:postmeta>
		<wp:postmeta>
			<wp:meta_key><![CDATA[_menu_item_target]]></wp:meta_key>
			<wp:meta_value><![CDATA[]]></wp:meta_value>
		</wp:postmeta>
		<wp:postmeta>
			<wp:meta_key><![CDATA[_menu_item_classes]]></wp:meta_key>
			<wp:meta_value><![CDATA[a:1:{i:0;s:0:"";}]]></wp:meta_value>
		</wp:postmeta>
		<wp:postmeta>
			<wp:meta_key><![CDATA[_menu_item_xfn]]></wp:meta_key>
			<wp:meta_value><![CDATA[]]></wp:meta_value>
		</wp:postmeta>
		<wp:postmeta>
			<wp:meta_key><![CDATA[_menu_item_url]]></wp:meta_key>
			<wp:meta_value><![CDATA[#]]></wp:meta_value>
		</wp:postmeta>
		<wp:postmeta>
			<wp:meta_key><![CDATA[_menu-item-custom_codeless-megamenu]]></wp:meta_key>
			<wp:meta_value><![CDATA[]]></wp:meta_value>
		</wp:postmeta>
		<wp:postmeta>
			<wp:meta_key><![CDATA[_menu-item-custom_codeless-widgetized]]></wp:meta_key>
			<wp:meta_value><![CDATA[]]></wp:meta_value>
		</wp:postmeta>
		<wp:postmeta>
			<wp:meta_key><![CDATA[_menu-item-custom_codeless-megamenu_bg]]></wp:meta_key>
			<wp:meta_value><![CDATA[]]></wp:meta_value>
		</wp:postmeta>
		<wp:postmeta>
			<wp:meta_key><![CDATA[_menu-item-custom_codeless-layout]]></wp:meta_key>
			<wp:meta_value><![CDATA[]]></wp:meta_value>
		</wp:postmeta>
		<wp:postmeta>
			<wp:meta_key><![CDATA[_menu-item-custom_codeless-bg_type]]></wp:meta_key>
			<wp:meta_value><![CDATA[]]></wp:meta_value>
		</wp:postmeta>
		<wp:postmeta>
			<wp:meta_key><![CDATA[_menu-item-custom_codeless-column_hide]]></wp:meta_key>
			<wp:meta_value><![CDATA[]]></wp:meta_value>
		</wp:postmeta>
	</item>
	<item>
		<title>Contact Me</title>
		<link>https://codeless.co/folie/portfolio-product-fullscreen/?p=115</link>
		<pubDate>Tue, 11 Sep 2018 12:46:50 +0000</pubDate>
		<dc:creator><![CDATA[admin]]></dc:creator>
		<guid isPermaLink="false">https://codeless.co/folie/portfolio-product-fullscreen/</guid>
		<description></description>
		<content:encoded><![CDATA[]]></content:encoded>
		<excerpt:encoded><![CDATA[]]></excerpt:encoded>
		<wp:post_id>115</wp:post_id>
		<wp:post_date><![CDATA[2018-09-11 12:46:50]]></wp:post_date>
		<wp:post_date_gmt><![CDATA[2018-09-11 12:46:50]]></wp:post_date_gmt>
		<wp:comment_status><![CDATA[closed]]></wp:comment_status>
		<wp:ping_status><![CDATA[closed]]></wp:ping_status>
		<wp:post_name><![CDATA[contact-me]]></wp:post_name>
		<wp:status><![CDATA[publish]]></wp:status>
		<wp:post_parent>0</wp:post_parent>
		<wp:menu_order>4</wp:menu_order>
		<wp:post_type><![CDATA[nav_menu_item]]></wp:post_type>
		<wp:post_password><![CDATA[]]></wp:post_password>
		<wp:is_sticky>0</wp:is_sticky>
		<category domain="nav_menu" nicename="main"><![CDATA[Main]]></category>
		<wp:postmeta>
			<wp:meta_key><![CDATA[_menu_item_type]]></wp:meta_key>
			<wp:meta_value><![CDATA[custom]]></wp:meta_value>
		</wp:postmeta>
		<wp:postmeta>
			<wp:meta_key><![CDATA[_menu_item_menu_item_parent]]></wp:meta_key>
			<wp:meta_value><![CDATA[0]]></wp:meta_value>
		</wp:postmeta>
		<wp:postmeta>
			<wp:meta_key><![CDATA[_menu_item_object_id]]></wp:meta_key>
			<wp:meta_value><![CDATA[115]]></wp:meta_value>
		</wp:postmeta>
		<wp:postmeta>
			<wp:meta_key><![CDATA[_menu_item_object]]></wp:meta_key>
			<wp:meta_value><![CDATA[custom]]></wp:meta_value>
		</wp:postmeta>
		<wp:postmeta>
			<wp:meta_key><![CDATA[_menu_item_target]]></wp:meta_key>
			<wp:meta_value><![CDATA[]]></wp:meta_value>
		</wp:postmeta>
		<wp:postmeta>
			<wp:meta_key><![CDATA[_menu_item_classes]]></wp:meta_key>
			<wp:meta_value><![CDATA[a:1:{i:0;s:0:"";}]]></wp:meta_value>
		</wp:postmeta>
		<wp:postmeta>
			<wp:meta_key><![CDATA[_menu_item_xfn]]></wp:meta_key>
			<wp:meta_value><![CDATA[]]></wp:meta_value>
		</wp:postmeta>
		<wp:postmeta>
			<wp:meta_key><![CDATA[_menu_item_url]]></wp:meta_key>
			<wp:meta_value><![CDATA[http://#]]></wp:meta_value>
		</wp:postmeta>
		<wp:postmeta>
			<wp:meta_key><![CDATA[_menu-item-custom_codeless-megamenu]]></wp:meta_key>
			<wp:meta_value><![CDATA[]]></wp:meta_value>
		</wp:postmeta>
		<wp:postmeta>
			<wp:meta_key><![CDATA[_menu-item-custom_codeless-widgetized]]></wp:meta_key>
			<wp:meta_value><![CDATA[]]></wp:meta_value>
		</wp:postmeta>
		<wp:postmeta>
			<wp:meta_key><![CDATA[_menu-item-custom_codeless-megamenu_bg]]></wp:meta_key>
			<wp:meta_value><![CDATA[]]></wp:meta_value>
		</wp:postmeta>
		<wp:postmeta>
			<wp:meta_key><![CDATA[_menu-item-custom_codeless-layout]]></wp:meta_key>
			<wp:meta_value><![CDATA[]]></wp:meta_value>
		</wp:postmeta>
		<wp:postmeta>
			<wp:meta_key><![CDATA[_menu-item-custom_codeless-bg_type]]></wp:meta_key>
			<wp:meta_value><![CDATA[]]></wp:meta_value>
		</wp:postmeta>
		<wp:postmeta>
			<wp:meta_key><![CDATA[_menu-item-custom_codeless-column_hide]]></wp:meta_key>
			<wp:meta_value><![CDATA[]]></wp:meta_value>
		</wp:postmeta>
	</item>
</channel>
</rss>
